{
  "Author": "ascclemens, poked at by entropygirl",
  "Name": "The Roleplayer's Toolbox",
  "InternalName": "RoleplayersToolbox",
  "AssemblyVersion": "0.3.6",
  "Description": "A collection of useful tools for roleplayers.\n\n- Choose a PF or use the /route command to set a destination and get\n  told the fastest way to navigate to any house.\n- Enable click-to-examine on left or right click.\n- Prevent untargeting or changing your target.\n- Set any emote on your hotbar, such as sleep or object sit.\n- Add the /emoteid command to use any emote by its ID.\n- Disable the /doze emote snap so you can use the sleep emote\n  anywhere.",
  "ApplicableVersion": "any",
  "RepoUrl": "https://git.annaclemens.io/ascclemens/RoleplayersToolbox",
  "DalamudApiLevel": 6,
  "LoadPriority": 0,
  "Punchline": "The Roleplayer's Toolbox"
}